Neighbourhood ID,Neighbourhood,Animal/Insect Type,Status Code,Status Description,Created Date,Completed Date,Issue Date,Number of Hens,Neighbours Informed,Registered with Provincial APICult,Nbhd Centre Latitude,Nbhd Centre Longitude,Nbhd Centre Geo Location
3470,Carlton,Hens,CANCEL,Cancelled,06/22/2016 09:08:42 AM,10/25/2016 05:12:39 PM,,3,N,N,53.62165,-113.55936,"(53.62165146983822, -113.5593587287807)"
5350,Rhatigan Ridge,Bees,ISSUED,Issued,04/10/2016 07:53:11 PM,04/25/2016 05:21:21 PM,04/25/2016 12:00:00 AM,,Y,Y,53.47451,-113.58763,"(53.47451461721056, -113.58762510129115)"
2550,Montrose,Hens,ISSUED,Issued,04/28/2016 08:25:01 AM,07/05/2016 01:14:58 PM,07/05/2016 12:00:00 AM,8,Y,N,53.57512,-113.44220,"(53.57511738748691, -113.44219933573166)"
6550,Ottewell,Bees,ISSUED,Issued,01/04/2017 08:52:18 PM,01/16/2017 02:54:44 PM,01/16/2017 12:00:00 AM,,Y,Y,53.53134,-113.43075,"(53.53134376415048, -113.43074604760109)"
6662,Walker,Hens,ISSUED,Issued,10/10/2016 12:48:40 PM,10/17/2016 01:57:37 PM,10/17/2016 12:00:00 AM,5,Y,N,53.41767,-113.43044,"(53.41767254622824, -113.43043554360622)"
5290,McKernan,Bees,ISSUED,Issued,06/13/2016 05:48:30 PM,06/14/2016 02:34:02 PM,06/14/2016 12:00:00 AM,,Y,Y,53.51273,-113.52044,"(53.51272851151938, -113.52044197947863)"
6010,Argyll,Bees,ISSUED,Issued,08/26/2016 10:01:33 AM,08/31/2016 10:56:30 AM,08/31/2016 12:00:00 AM,,Y,Y,53.50309,-113.46051,"(53.50308603162928, -113.46050577069063)"
3382,River Valley Laurier,Bees,ISSUED,Issued,03/14/2016 01:58:43 PM,04/26/2016 12:33:14 PM,04/26/2016 12:00:00 AM,,Y,Y,53.51049,-113.55344,"(53.51048523254928, -113.55344261095905)"
2600,Ozerna,Bees,ISSUED,Issued,03/19/2016 05:34:35 PM,04/25/2016 06:20:39 PM,04/25/2016 12:00:00 AM,,Y,Y,53.62228,-113.44897,"(53.62227532423976, -113.44897260635014)"
5280,Malmo Plains,Bees,ISSUED,Issued,05/02/2016 11:18:51 AM,05/02/2016 11:58:40 AM,05/02/2016 12:00:00 AM,,Y,Y,53.48564,-113.52899,"(53.485639847965736, -113.52899268075193)"
5580,Windsor Park,Bees,ISSUED,Issued,03/19/2017 01:53:47 PM,03/23/2017 07:42:53 AM,03/23/2017 12:00:00 AM,,Y,Y,53.52418,-113.53685,"(53.52417761053836, -113.53684717900765)"
2340,Hollick-Kenyon,Bees,ISSUED,Issued,05/03/2017 02:53:14 PM,05/16/2017 09:47:29 AM,05/16/2017 12:00:00 AM,,Y,Y,53.62224,-113.42232,"(53.62224497002261, -113.42231558564797)"
2720,York,Bees,ISSUED,Issued,03/23/2017 10:23:48 PM,04/19/2017 02:06:43 PM,04/19/2017 12:00:00 AM,,Y,Y,53.60290,-113.43021,"(53.602895378014146, -113.43020574343895)"
1090,Downtown,Bees,ISSUED,Issued,06/29/2015 05:00:52 PM,06/30/2015 10:29:45 AM,06/30/2015 12:00:00 AM,,Y,Y,53.54088,-113.49924,"(53.54087526522481, -113.49924372443897)"
6360,King Edward Park,Hens,ISSUED,Issued,09/01/2016 08:48:40 PM,09/07/2016 08:55:09 AM,09/07/2016 12:00:00 AM,4,Y,N,53.51516,-113.45063,"(53.51516193312055, -113.45062583260703)"
4310,Meadowlark Park,Bees,ISSUED,Issued,05/27/2016 12:43:10 PM,06/13/2016 02:01:05 PM,06/13/2016 12:00:00 AM,,Y,Y,53.52553,-113.59655,"(53.525525285999144, -113.59655190605388)"
5430,Royal Gardens,Bees,ISSUED,Issued,08/14/2015 05:27:17 PM,08/20/2015 09:39:19 AM,08/20/2015 12:00:00 AM,,Y,Y,53.47945,-113.52810,"(53.47945373050392, -113.52810321138851)"
4430,Rio Terrace,Bees,ISSUED,Issued,07/03/2015 10:12:45 AM,07/14/2015 07:54:27 AM,07/14/2015 12:00:00 AM,,Y,Y,53.50731,-113.58459,"(53.507310434437706, -113.58458653318283)"
5470,Steinhauer,Hens,ISSUED,Issued,10/19/2016 09:05:44 AM,10/19/2016 01:49:13 PM,10/19/2016 12:00:00 AM,5,Y,N,53.46454,-113.50593,"(53.46454112371608, -113.5059296639569)"
6310,Holyrood,Bees,ISSUED,Issued,03/15/2017 10:53:57 AM,03/22/2017 11:10:06 AM,03/22/2017 12:00:00 AM,,Y,Y,53.53136,-113.45018,"(53.531364142804755, -113.45017788123803)"
3030,Baturyn,Hens,INQUEU,In Queue,04/28/2016 10:10:14 AM,,,6,Y,N,53.63098,-113.50433,"(53.63098479629288, -113.50432990230655)"
2020,Balwin,Hens,ISSUED,Issued,01/18/2017 10:35:39 AM,01/24/2017 04:58:29 PM,01/24/2017 12:00:00 AM,6,Y,N,53.58800,-113.45508,"(53.58800047738987, -113.45507523743639)"
1120,Edmonton Northlands,Bees,ISSUED,Issued,03/16/2016 04:37:03 PM,04/25/2016 05:15:42 PM,04/25/2016 12:00:00 AM,,Y,Y,53.56820,-113.45678,"(53.56820080305488, -113.45678374699605)"
1120,Edmonton Northlands,Bees,ISSUED,Issued,03/16/2016 04:37:03 PM,04/25/2016 05:15:42 PM,04/25/2016 12:00:00 AM,,Y,Y,53.56820,-113.45678,"(53.56820080305488, -113.45678374699605)"
1120,Edmonton Northlands,Bees,ISSUED,Issued,03/16/2016 04:37:03 PM,04/25/2016 05:15:42 PM,04/25/2016 12:00:00 AM,,Y,Y,53.56820,-113.45678,"(53.56820080305488, -113.45678374699605)"
1120,Edmonton Northlands,Bees,ISSUED,Issued,03/16/2016 04:37:03 PM,04/25/2016 05:15:42 PM,04/25/2016 12:00:00 AM,,Y,Y,53.56820,-113.45678,"(53.56820080305488, -113.45678374699605)"
5642,South Terwillegar,Bees,ISSUED,Issued,06/14/2017 10:20:20 AM,06/14/2017 02:08:25 PM,06/14/2017 12:00:00 AM,,Y,Y,53.44023,-113.57902,"(53.440231798863046, -113.57902105126114)"
2390,Kernohan,Bees,ISSUED,Issued,04/12/2017 11:37:14 AM,04/26/2017 02:38:04 PM,04/26/2017 12:00:00 AM,,Y,Y,53.58946,-113.38031,"(53.58946364338944, -113.38031269979747)"
6230,Forest Heights,Bees,ISSUED,Issued,08/25/2015 12:15:54 PM,07/07/2016 04:31:39 PM,07/07/2016 12:00:00 AM,,Y,Y,53.54454,-113.45127,"(53.54454288129852, -113.45126745011648)"
4020,Aldergrove,Bees,ISSUED,Issued,05/26/2016 04:25:45 PM,05/30/2016 02:06:55 PM,05/30/2016 12:00:00 AM,,Y,Y,53.51689,-113.64124,"(53.51688913781737, -113.64123923064204)"
3240,Inglewood,Bees,ISSUED,Issued,05/05/2016 09:12:37 PM,05/17/2016 04:53:17 PM,05/17/2016 12:00:00 AM,,Y,Y,53.56461,-113.54083,"(53.56461022950754, -113.54083440615169)"
6310,Holyrood,Bees,ISSUED,Issued,06/08/2015 08:38:03 PM,06/10/2015 09:05:54 AM,06/10/2015 12:00:00 AM,,Y,Y,53.53136,-113.45018,"(53.531364142804755, -113.45017788123803)"
6240,Fulton Place,Bees,ISSUED,Issued,06/22/2015 05:34:57 PM,06/30/2015 10:21:43 AM,06/30/2015 12:00:00 AM,,Y,Y,53.54632,-113.42750,"(53.54631536218046, -113.42749643795536)"
4461,The Hamptons,Bees,ISSUED,Issued,03/03/2017 07:49:21 PM,03/26/2017 09:03:40 AM,03/26/2017 12:00:00 AM,,Y,Y,53.48746,-113.67548,"(53.48746479374655, -113.67547969431853)"
3240,Inglewood,Bees,ISSUED,Issued,06/26/2017 03:16:45 PM,07/10/2017 11:18:45 AM,07/10/2017 12:00:00 AM,,Y,Y,53.56461,-113.54083,"(53.56461022950754, -113.54083440615169)"
5280,Malmo Plains,Bees,CANCEL,Cancelled,05/09/2017 09:49:32 AM,05/16/2017 11:29:28 AM,,,Y,Y,53.48564,-113.52899,"(53.485639847965736, -113.52899268075193)"
5210,Grandview Heights,Hens,ISSUED,Issued,09/13/2016 09:03:17 AM,09/16/2016 12:07:59 PM,09/16/2016 12:00:00 AM,8,Y,N,53.50117,-113.54889,"(53.50116948842138, -113.54889007282846)"
6370,Kiniski Gardens,Hens,ISSUED,Issued,01/27/2017 01:49:22 PM,02/20/2017 04:37:39 PM,02/20/2017 12:00:00 AM,3,Y,N,53.47481,-113.40352,"(53.47480588482717, -113.40351643758787)"
5040,Belgravia,Bees,ISSUED,Issued,10/08/2016 02:31:51 PM,05/16/2017 11:45:07 AM,05/16/2017 12:00:00 AM,,Y,Y,53.51223,-113.53276,"(53.51223371649437, -113.53276435676035)"
5640,Terwillegar Towne,Bees,ISSUED,Issued,05/16/2015 10:31:48 AM,05/27/2015 12:56:42 PM,05/27/2015 12:00:00 AM,,Y,Y,53.45063,-113.57774,"(53.4506293105283, -113.5777377735933)"
5160,Duggan,Hens,ISSUED,Issued,04/28/2016 08:33:30 AM,09/16/2016 12:11:12 PM,09/16/2016 12:00:00 AM,6,Y,N,53.47149,-113.50606,"(53.471492755040344, -113.5060584565456)"
5040,Belgravia,Bees,ISSUED,Issued,08/03/2016 03:11:32 PM,10/26/2016 09:14:44 AM,10/26/2016 12:00:00 AM,,Y,Y,53.51223,-113.53276,"(53.51223371649437, -113.53276435676035)"
1140,McCauley,Bees,ISSUED,Issued,05/06/2016 09:11:54 AM,06/02/2016 03:21:19 PM,06/02/2016 12:00:00 AM,,Y,Y,53.55551,-113.48142,"(53.555507447393055, -113.48141781132108)"
4740,Webber Greens,Bees,ISSUED,Issued,03/12/2016 12:16:59 PM,04/25/2016 04:58:42 PM,04/25/2016 12:00:00 AM,,Y,Y,53.53032,-113.67668,"(53.53032348195164, -113.67668350795763)"
6040,Bonnie Doon,Bees,ISSUED,Issued,04/06/2017 05:32:33 PM,04/19/2017 09:55:15 AM,04/19/2017 12:00:00 AM,,Y,Y,53.52377,-113.46729,"(53.523768960098934, -113.46729006225169)"
5454,Rutherford,Hens,ISSUED,Issued,11/18/2016 11:24:09 AM,01/17/2017 09:01:01 AM,01/17/2017 12:00:00 AM,4,Y,N,53.41751,-113.52875,"(53.41751073053941, -113.52874800563434)"
3170,Dovercourt,Bees,ISSUED,Issued,04/21/2016 12:25:05 PM,04/25/2016 05:54:05 PM,04/25/2016 12:00:00 AM,,Y,Y,53.57568,-113.55759,"(53.575675540870805, -113.55759021866925)"
1210,Riverdale,Hens,ISSUED,Issued,04/28/2016 08:26:40 AM,11/09/2016 02:09:30 PM,11/09/2016 12:00:00 AM,6,Y,N,53.54407,-113.46899,"(53.54407041090096, -113.46899402862239)"
1090,Downtown,Bees,ISSUED,Issued,03/11/2016 01:44:50 PM,04/25/2016 04:54:28 PM,04/25/2016 12:00:00 AM,,Y,Y,53.54088,-113.49924,"(53.54087526522481, -113.49924372443897)"
5570,Windermere,Bees,ISSUED,Issued,05/05/2016 07:26:46 PM,05/17/2016 04:46:53 PM,05/17/2016 12:00:00 AM,,Y,Y,53.43259,-113.62604,"(53.432585054620894, -113.62604014979185)"
1140,McCauley,Bees,ISSUED,Issued,05/29/2015 08:28:54 AM,06/01/2015 03:27:20 PM,06/01/2015 12:00:00 AM,,N,Y,53.55551,-113.48142,"(53.555507447393055, -113.48141781132108)"
6390,Larkspur,Bees,ISSUED,Issued,03/12/2016 11:50:27 PM,04/25/2016 05:01:54 PM,04/25/2016 12:00:00 AM,,Y,Y,53.48015,-113.38124,"(53.48015149606623, -113.38123847033486)"
4160,Gariepy,Bees,ISSUED,Issued,05/26/2016 11:43:17 PM,06/03/2016 09:13:58 AM,06/03/2016 12:00:00 AM,,Y,Y,53.49360,-113.62256,"(53.49359965967588, -113.6225641319716)"
1120,Edmonton Northlands,Hens,ISSUED,Issued,04/28/2016 08:42:01 AM,01/17/2017 02:47:06 PM,01/17/2017 12:00:00 AM,7,Y,N,53.56820,-113.45678,"(53.56820080305488, -113.45678374699605)"
6610,Ritchie,Bees,ISSUED,Issued,04/15/2016 12:01:32 PM,04/25/2016 05:40:32 PM,04/25/2016 12:00:00 AM,,Y,Y,53.51329,-113.48023,"(53.51329380411468, -113.48023063385605)"
4380,Ormsby Place,Bees,ISSUED,Issued,05/03/2017 09:10:56 PM,05/25/2017 04:46:49 PM,05/25/2017 12:00:00 AM,,Y,Y,53.49908,-113.64275,"(53.499083353731386, -113.64275183780376)"
6360,King Edward Park,Bees,ISSUED,Issued,08/03/2017 11:17:01 AM,11/06/2017 12:02:33 PM,11/06/2017 12:00:00 AM,,Y,Y,53.51516,-113.45063,"(53.51516193312055, -113.45062583260703)"
4110,Dechene,Bees,ISSUED,Issued,04/12/2016 06:26:28 PM,04/25/2016 05:30:07 PM,04/25/2016 12:00:00 AM,,Y,Y,53.49135,-113.63738,"(53.491346860539295, -113.63738389183808)"
5040,Belgravia,Bees,ISSUED,Issued,05/22/2017 08:47:57 PM,05/25/2017 04:21:55 PM,05/25/2017 12:00:00 AM,,Y,Y,53.51223,-113.53276,"(53.51223371649437, -113.53276435676035)"
3240,Inglewood,Bees,CANCEL,Cancelled,05/02/2017 11:28:00 AM,07/19/2017 12:18:12 PM,,,Y,Y,53.56461,-113.54083,"(53.56461022950754, -113.54083440615169)"
6310,Holyrood,Bees,ISSUED,Issued,04/15/2016 03:51:39 PM,04/25/2016 05:44:20 PM,04/25/2016 12:00:00 AM,,Y,Y,53.53136,-113.45018,"(53.531364142804755, -113.45017788123803)"
3210,Grovenor,Bees,ISSUED,Issued,05/11/2016 08:07:21 AM,05/31/2016 01:09:09 PM,05/31/2016 12:00:00 AM,,Y,Y,53.54592,-113.57186,"(53.545921791152516, -113.57186010358184)"
6040,Bonnie Doon,Bees,ISSUED,Issued,03/15/2017 11:09:35 AM,03/22/2017 11:25:31 AM,03/22/2017 12:00:00 AM,,Y,Y,53.52377,-113.46729,"(53.523768960098934, -113.46729006225169)"
5590,Blackburne,Bees,ISSUED,Issued,07/25/2017 10:14:28 AM,07/31/2017 04:54:10 PM,07/31/2017 12:00:00 AM,,Y,Y,53.42907,-113.49832,"(53.42907000953329, -113.49832155766259)"
2390,Kernohan,Bees,CANCEL,Cancelled,05/03/2016 10:28:17 AM,06/13/2016 04:07:47 PM,,,Y,Y,53.58946,-113.38031,"(53.58946364338944, -113.38031269979747)"
6610,Ritchie,Bees,ISSUED,Issued,06/19/2017 12:35:22 PM,07/05/2017 03:05:53 PM,07/05/2017 12:00:00 AM,,Y,Y,53.51329,-113.48023,"(53.51329380411468, -113.48023063385605)"
3430,Wellington,Hens,ISSUED,Issued,10/03/2016 10:14:32 PM,10/17/2016 02:20:29 PM,10/17/2016 12:00:00 AM,3,Y,N,53.59581,-113.55270,"(53.59580848232346, -113.55269525431994)"
1100,Eastwood,Bees,ISSUED,Issued,01/20/2017 10:04:55 AM,02/01/2017 12:46:40 PM,02/01/2017 12:00:00 AM,,Y,Y,53.57609,-113.46875,"(53.57608628955444, -113.46874575611328)"
5330,Queen Alexandra,Bees,ISSUED,Issued,05/02/2016 03:54:39 PM,05/03/2016 04:03:48 PM,05/03/2016 12:00:00 AM,,Y,Y,53.51233,-113.50485,"(53.512332235513746, -113.50484705945289)"
6200,Ekota,Bees,ISSUED,Issued,02/03/2016 03:27:38 PM,02/29/2016 09:43:47 AM,02/29/2016 12:00:00 AM,,Y,Y,53.44941,-113.44233,"(53.449408842387676, -113.44232540415385)"
6230,Forest Heights,Bees,ISSUED,Issued,05/03/2017 04:23:24 PM,05/16/2017 09:36:21 AM,05/16/2017 12:00:00 AM,,Y,Y,53.54454,-113.45127,"(53.54454288129852, -113.45126745011648)"
6360,King Edward Park,Bees,ISSUED,Issued,09/01/2015 08:40:28 AM,09/08/2015 02:29:26 PM,09/08/2015 12:00:00 AM,,Y,Y,53.51516,-113.45063,"(53.51516193312055, -113.45062583260703)"
1010,Alberta Avenue,Bees,ISSUED,Issued,04/25/2016 10:03:39 AM,04/25/2016 06:14:12 PM,04/25/2016 12:00:00 AM,,Y,Y,53.56848,-113.48517,"(53.568479070121306, -113.48516811504452)"
5454,Rutherford,Bees,ISSUED,Issued,06/12/2017 01:59:09 PM,06/12/2017 04:25:37 PM,06/12/2017 12:00:00 AM,,Y,Y,53.41751,-113.52875,"(53.41751073053941, -113.52874800563434)"
1140,McCauley,Bees,ISSUED,Issued,04/11/2016 10:42:12 AM,04/25/2016 05:26:30 PM,04/25/2016 12:00:00 AM,,Y,Y,53.55551,-113.48142,"(53.555507447393055, -113.48141781132108)"
5580,Windsor Park,Bees,CANCEL,Cancelled,06/03/2016 06:40:08 AM,06/13/2016 01:06:42 PM,,,Y,Y,53.52418,-113.53685,"(53.52417761053836, -113.53684717900765)"
5490,Sweet Grass,Bees,ISSUED,Issued,03/03/2017 08:09:09 PM,04/26/2017 09:24:17 AM,04/26/2017 12:00:00 AM,,Y,Y,53.46431,-113.52757,"(53.464309127879574, -113.52756859202245)"
5010,Allendale,Bees,ISSUED,Issued,04/28/2017 07:33:25 AM,05/16/2017 09:59:45 AM,05/16/2017 12:00:00 AM,,Y,Y,53.50229,-113.50482,"(53.50229282517935, -113.50482116295773)"
3250,Kensington,Bees,ISSUED,Issued,10/07/2016 12:10:19 PM,11/16/2016 04:56:20 PM,11/16/2016 12:00:00 AM,,Y,Y,53.59587,-113.52892,"(53.59587384934523, -113.52892319252928)"
5580,Windsor Park,Bees,ISSUED,Issued,06/03/2016 06:40:11 AM,06/03/2016 09:40:51 AM,06/03/2016 12:00:00 AM,,Y,Y,53.52418,-113.53685,"(53.52417761053836, -113.53684717900765)"
6330,Jackson Heights,Bees,ISSUED,Issued,06/21/2016 09:07:13 AM,07/05/2016 04:26:41 PM,07/05/2016 12:00:00 AM,,Y,Y,53.48166,-113.41088,"(53.48166081943661, -113.41087835651263)"
5310,Parkallen,Hens,ISSUED,Issued,04/28/2016 08:32:31 AM,07/05/2016 01:14:47 PM,07/05/2016 12:00:00 AM,4,Y,N,53.50333,-113.51824,"(53.503333894692844, -113.51824294080778)"
1010,Alberta Avenue,Hens,ISSUED,Issued,04/28/2016 08:23:08 AM,01/17/2017 10:03:41 AM,01/17/2017 12:00:00 AM,2,Y,N,53.56848,-113.48517,"(53.568479070121306, -113.48516811504452)"
6240,Fulton Place,Bees,ISSUED,Issued,10/13/2016 03:51:58 PM,10/25/2016 09:14:22 AM,10/25/2016 12:00:00 AM,,Y,Y,53.54632,-113.42750,"(53.54631536218046, -113.42749643795536)"
6450,Menisa,Bees,ISSUED,Issued,06/14/2016 07:55:43 PM,06/28/2016 11:30:47 AM,06/28/2016 12:00:00 AM,,Y,Y,53.44208,-113.44738,"(53.442076913659925, -113.44738362406763)"
6310,Holyrood,Hens,ISSUED,Issued,04/28/2016 08:20:53 AM,07/05/2016 11:33:02 AM,07/05/2016 12:00:00 AM,4,Y,N,53.53136,-113.45018,"(53.531364142804755, -113.45017788123803)"
6750,Tipaskan,Bees,UNREV,Under Review,04/22/2016 01:29:13 PM,,,,Y,Y,53.46191,-113.45799,"(53.461905985377804, -113.45798746366202)"
6061,Capilano,Hens,ISSUED,Issued,01/15/2017 12:53:25 PM,01/16/2017 04:48:55 PM,01/16/2017 12:00:00 AM,3,Y,N,53.55465,-113.42278,"(53.554645683010186, -113.42277556278047)"
6550,Ottewell,Bees,ISSUED,Issued,05/01/2017 11:12:57 AM,06/08/2017 04:03:00 PM,06/08/2017 12:00:00 AM,,Y,Y,53.53134,-113.43075,"(53.53134376415048, -113.43074604760109)"
6140,Crawford Plains,Hens,ISSUED,Issued,04/28/2016 09:16:19 AM,10/25/2016 12:50:04 PM,10/25/2016 12:00:00 AM,5,Y,N,53.44181,-113.40622,"(53.44181065595263, -113.40621829074806)"
3270,Laurier Heights,Bees,ISSUED,Issued,05/30/2016 12:34:55 PM,05/31/2016 12:49:30 PM,05/31/2016 12:00:00 AM,,Y,Y,53.51425,-113.56933,"(53.51424671570046, -113.56933226321841)"
5290,McKernan,Bees,ISSUED,Issued,07/22/2016 05:27:22 PM,07/25/2016 12:09:28 PM,07/25/2016 12:00:00 AM,,Y,Y,53.51273,-113.52044,"(53.51272851151938, -113.52044197947863)"
2330,Highlands,Bees,ISSUED,Issued,05/19/2016 08:02:50 PM,06/02/2016 04:15:31 PM,06/02/2016 12:00:00 AM,,Y,Y,53.56599,-113.43019,"(53.56599492653518, -113.43018811476921)"
3300,McQueen,Bees,ISSUED,Issued,06/30/2015 02:04:27 PM,07/06/2015 12:35:05 PM,07/06/2015 12:00:00 AM,,Y,Y,53.55495,-113.57185,"(53.55494667630298, -113.57185410774939)"
3111,Griesbach,Bees,ISSUED,Issued,04/25/2016 09:17:04 PM,04/26/2016 11:28:33 AM,04/26/2016 12:00:00 AM,,Y,Y,53.60677,-113.50423,"(53.60676746701015, -113.50422993669426)"
1180,Queen Mary Park,Bees,ISSUED,Issued,03/30/2017 12:07:34 AM,05/16/2017 07:48:30 AM,05/16/2017 12:00:00 AM,,Y,Y,53.55333,-113.51965,"(53.55332765166594, -113.51965427365344)"
2100,Beverly Heights,Bees,ISSUED,Issued,02/17/2016 05:12:46 PM,02/29/2016 09:59:41 AM,02/29/2016 12:00:00 AM,,Y,Y,53.56651,-113.40607,"(53.566514917420214, -113.4060678802253)"
1210,Riverdale,Bees,ISSUED,Issued,02/10/2016 03:43:27 PM,02/29/2016 09:54:50 AM,02/29/2016 12:00:00 AM,,Y,Y,53.54407,-113.46899,"(53.54407041090096, -113.46899402862239)"
2410,Kilkenny,Bees,ISSUED,Issued,04/26/2016 09:14:04 PM,04/29/2016 01:36:20 PM,04/29/2016 12:00:00 AM,,Y,Y,53.61041,-113.45512,"(53.6104067025493, -113.4551189930085)"
2521,McConachie Area,Bees,CANCEL,Cancelled,03/22/2017 04:23:50 PM,03/23/2017 05:50:41 PM,03/23/2017 12:00:00 AM,,Y,Y,53.63643,-113.43131,"(53.63642688874848, -113.4313071025132)"
5060,Blue Quill,Bees,ISSUED,Issued,04/23/2016 12:19:14 PM,04/25/2016 06:10:06 PM,04/25/2016 12:00:00 AM,,Y,Y,53.45762,-113.52625,"(53.457619786228214, -113.52625123248474)"
5040,Belgravia,Bees,ISSUED,Issued,08/20/2015 10:50:40 AM,08/27/2015 01:13:48 PM,08/27/2015 12:00:00 AM,,Y,Y,53.51223,-113.53276,"(53.51223371649437, -113.53276435676035)"
1090,Downtown,Bees,ISSUED,Issued,04/22/2016 11:48:48 AM,04/25/2016 05:57:48 PM,04/25/2016 12:00:00 AM,,Y,Y,53.54088,-113.49924,"(53.54087526522481, -113.49924372443897)"
1140,McCauley,Bees,ISSUED,Issued,09/03/2015 06:49:11 PM,09/08/2015 02:43:35 PM,09/08/2015 12:00:00 AM,,Y,Y,53.55551,-113.48142,"(53.555507447393055, -113.48141781132108)"
6061,Capilano,Bees,ISSUED,Issued,03/26/2017 03:06:42 PM,04/26/2017 08:20:09 AM,04/26/2017 12:00:00 AM,,Y,Y,53.55465,-113.42278,"(53.554645683010186, -113.42277556278047)"
5430,Royal Gardens,Bees,ISSUED,Issued,05/28/2017 07:22:55 PM,06/06/2017 12:54:49 PM,06/06/2017 12:00:00 AM,,Y,Y,53.47945,-113.52810,"(53.47945373050392, -113.52810321138851)"
2560,Newton,Bees,ISSUED,Issued,11/24/2016 02:02:52 PM,11/29/2016 01:23:29 PM,11/29/2016 12:00:00 AM,,Y,Y,53.57629,-113.42513,"(53.576288318720806, -113.42512820186064)"
5470,Steinhauer,Hens,ISSUED,Issued,04/28/2016 08:18:59 AM,07/05/2016 10:44:38 AM,07/05/2016 12:00:00 AM,4,Y,N,53.46454,-113.50593,"(53.46454112371608, -113.5059296639569)"
6360,King Edward Park,Hens,ISSUED,Issued,04/28/2016 08:35:09 AM,10/23/2017 10:44:53 AM,10/23/2017 12:00:00 AM,4,Y,N,53.51516,-113.45063,"(53.51516193312055, -113.45062583260703)"
6360,King Edward Park,Bees,ISSUED,Issued,05/08/2017 10:30:59 AM,05/23/2017 04:10:03 PM,05/23/2017 12:00:00 AM,,Y,Y,53.51516,-113.45063,"(53.51516193312055, -113.45062583260703)"
3350,Prince Charles,Bees,ISSUED,Issued,06/01/2015 11:03:18 PM,06/02/2015 02:41:14 PM,06/02/2015 12:00:00 AM,,Y,Y,53.57547,-113.53599,"(53.575469391765125, -113.53598781791905)"
6370,Kiniski Gardens,Bees,ISSUED,Issued,07/25/2015 02:03:10 PM,07/29/2015 10:33:23 AM,07/29/2015 12:00:00 AM,,Y,Y,53.47481,-113.40352,"(53.47480588482717, -113.40351643758787)"
1080,Delton,Bees,ISSUED,Issued,03/04/2016 08:30:12 PM,04/25/2016 04:51:53 PM,04/25/2016 12:00:00 AM,,Y,Y,53.57900,-113.48245,"(53.57900463350049, -113.48244953229602)"
1140,McCauley,Bees,ISSUED,Issued,08/25/2015 12:15:54 PM,07/07/2016 04:31:39 PM,07/07/2016 12:00:00 AM,,Y,Y,53.55551,-113.48142,"(53.555507447393055, -113.48141781132108)"
1140,McCauley,Bees,ISSUED,Issued,08/25/2015 12:15:54 PM,07/07/2016 04:31:39 PM,07/07/2016 12:00:00 AM,,Y,Y,53.55551,-113.48142,"(53.555507447393055, -113.48141781132108)"
6770,Weinlos,Bees,ISSUED,Issued,05/25/2016 08:38:09 AM,05/25/2016 10:11:58 AM,05/25/2016 12:00:00 AM,,Y,Y,53.45997,-113.41361,"(53.45997443527031, -113.41360932167072)"
5250,Keheewin,Bees,ISSUED,Issued,05/11/2016 02:21:31 PM,05/17/2016 05:02:34 PM,05/17/2016 12:00:00 AM,,Y,Y,53.45027,-113.50451,"(53.450270481502606, -113.5045134621976)"
6040,Bonnie Doon,Bees,ISSUED,Issued,05/29/2015 05:35:14 AM,06/01/2015 10:23:40 AM,06/01/2015 12:00:00 AM,,Y,Y,53.52377,-113.46729,"(53.523768960098934, -113.46729006225169)"
6240,Fulton Place,Bees,ISSUED,Issued,05/14/2015 04:40:18 PM,05/15/2015 11:44:04 AM,05/15/2015 12:00:00 AM,,Y,Y,53.54632,-113.42750,"(53.54631536218046, -113.42749643795536)"
1140,McCauley,Bees,ISSUED,Issued,08/28/2015 05:17:26 PM,09/08/2015 02:16:31 PM,09/08/2015 12:00:00 AM,,Y,Y,53.55551,-113.48142,"(53.555507447393055, -113.48141781132108)"
1010,Alberta Avenue,Hens,ISSUED,Issued,04/28/2016 08:25:11 AM,11/04/2016 05:06:32 PM,11/04/2016 12:00:00 AM,4,Y,N,53.56848,-113.48517,"(53.568479070121306, -113.48516811504452)"
3170,Dovercourt,Hens,ISSUED,Issued,04/28/2016 08:25:29 AM,08/18/2016 10:29:34 AM,08/18/2016 12:00:00 AM,4,Y,N,53.57568,-113.55759,"(53.575675540870805, -113.55759021866925)"
6670,Sakaw,Bees,ISSUED,Issued,04/07/2017 06:11:48 PM,05/03/2017 08:34:45 AM,05/03/2017 12:00:00 AM,,Y,Y,53.44196,-113.42882,"(53.44195630182676, -113.4288163368734)"
3440,Westmount,Bees,ISSUED,Issued,09/03/2015 06:42:46 PM,09/08/2015 02:38:24 PM,09/08/2015 12:00:00 AM,,Y,Y,53.55167,-113.54112,"(53.551671762229795, -113.54112241012324)"
6061,Capilano,Bees,ISSUED,Issued,05/28/2015 02:36:41 PM,06/01/2015 10:16:06 AM,06/01/2015 12:00:00 AM,,Y,Y,53.55465,-113.42278,"(53.554645683010186, -113.42277556278047)"
2260,Evansdale,Bees,ISSUED,Issued,07/19/2016 06:48:47 PM,07/20/2016 09:13:42 AM,07/20/2016 12:00:00 AM,,Y,Y,53.61086,-113.47957,"(53.610864743772225, -113.47956900527386)"
5180,Ermineskin,Bees,ISSUED,Issued,05/31/2015 09:22:21 AM,06/01/2015 11:09:44 AM,06/01/2015 12:00:00 AM,,Y,Y,53.45765,-113.50573,"(53.45764638821457, -113.50572907665278)"
5340,Ramsay Heights,Bees,ISSUED,Issued,06/05/2017 10:56:22 AM,06/07/2017 12:11:38 PM,06/07/2017 12:00:00 AM,,Y,Y,53.48336,-113.58022,"(53.48336181504562, -113.5802152080962)"
3240,Inglewood,Bees,ISSUED,Issued,05/05/2016 09:02:40 PM,05/17/2016 04:51:00 PM,05/17/2016 12:00:00 AM,,Y,Y,53.56461,-113.54083,"(53.56461022950754, -113.54083440615169)"
6200,Ekota,Bees,ISSUED,Issued,05/01/2016 10:19:25 AM,05/02/2016 10:58:38 AM,05/02/2016 12:00:00 AM,,Y,Y,53.44941,-113.44233,"(53.449408842387676, -113.44232540415385)"
4060,Britannia Youngstown,Bees,ISSUED,Issued,03/25/2017 08:19:42 PM,04/26/2017 09:12:08 AM,04/26/2017 12:00:00 AM,,Y,Y,53.54628,-113.60150,"(53.54628475992977, -113.60149844673005)"
3270,Laurier Heights,Bees,ISSUED,Issued,06/19/2017 12:41:13 PM,07/05/2017 03:21:25 PM,07/05/2017 12:00:00 AM,,Y,Y,53.51425,-113.56933,"(53.51424671570046, -113.56933226321841)"
6470,Meyonohk,Bees,ISSUED,Issued,06/14/2016 08:01:56 PM,06/28/2016 11:25:46 AM,06/28/2016 12:00:00 AM,,Y,Y,53.45533,-113.45724,"(53.45532588387421, -113.45724296139875)"
6300,Hillview,Bees,ISSUED,Issued,05/19/2015 10:11:52 AM,05/27/2015 12:56:27 PM,08/21/2017 12:00:00 AM,,Y,Y,53.46974,-113.42709,"(53.46973758816532, -113.4270935738733)"
4180,Glenwood,Hens,ISSUED,Issued,04/28/2016 08:29:53 AM,08/01/2017 02:33:22 PM,08/01/2017 12:00:00 AM,3,Y,N,53.53645,-113.60277,"(53.53645466158683, -113.60277044031012)"
2440,Klarvatten,Bees,ISSUED,Issued,05/29/2017 08:27:41 AM,06/06/2017 12:32:07 PM,06/06/2017 12:00:00 AM,,Y,Y,53.63722,-113.47672,"(53.637224730986524, -113.47671578038211)"
2320,Hairsine,Hens,ISSUED,Issued,08/31/2016 05:38:47 PM,09/01/2016 01:48:02 PM,09/01/2016 12:00:00 AM,5,Y,N,53.60368,-113.38972,"(53.603675954428965, -113.38972075948551)"
5010,Allendale,Hens,ISSUED,Issued,04/28/2016 08:26:40 AM,08/08/2016 03:04:58 PM,08/08/2016 12:00:00 AM,3,Y,N,53.50229,-113.50482,"(53.50229282517935, -113.50482116295773)"
5642,South Terwillegar,Bees,ISSUED,Issued,05/12/2015 08:56:46 PM,05/15/2015 11:34:24 AM,05/15/2015 12:00:00 AM,,Y,Y,53.44023,-113.57902,"(53.440231798863046, -113.57902105126114)"
4070,Callingwood North,Bees,ISSUED,Issued,04/22/2016 02:20:06 PM,04/25/2016 06:07:04 PM,04/25/2016 12:00:00 AM,,Y,Y,53.50757,-113.62303,"(53.50757437536733, -113.62302532131962)"
2030,Bannerman,Hens,ISSUED,Issued,04/28/2016 08:21:48 AM,08/10/2016 03:03:53 PM,08/10/2016 12:00:00 AM,6,Y,N,53.60393,-113.37865,"(53.60392714000134, -113.37864928309097)"
5320,Pleasantview,Bees,ISSUED,Issued,04/11/2017 12:40:41 PM,04/26/2017 08:51:15 AM,04/26/2017 12:00:00 AM,,Y,Y,53.49318,-113.50712,"(53.49318018561233, -113.507116596)"
3330,Parkview,Bees,ISSUED,Issued,06/10/2015 11:28:58 AM,07/14/2015 07:44:16 AM,07/14/2015 12:00:00 AM,,Y,Y,53.52406,-113.56789,"(53.52406400115492, -113.56789426478038)"
5320,Pleasantview,Hens,ISSUED,Issued,04/28/2016 08:39:06 AM,07/14/2016 02:58:43 PM,07/14/2016 12:00:00 AM,5,Y,N,53.49318,-113.50712,"(53.49318018561233, -113.507116596)"
2070,Belmont,Bees,ISSUED,Issued,04/18/2016 01:46:20 PM,04/25/2016 05:48:00 PM,04/25/2016 12:00:00 AM,,Y,Y,53.59397,-113.39374,"(53.59397157739329, -113.39373635814033)"
3310,North Glenora,Hens,ISSUED,Issued,04/28/2016 08:29:58 AM,01/17/2017 10:35:17 AM,01/17/2017 12:00:00 AM,5,Y,N,53.55495,-113.55826,"(53.554947960393555, -113.55826488479815)"
2390,Kernohan,Bees,ISSUED,Issued,05/02/2016 12:46:00 PM,10/23/2017 10:09:22 AM,10/23/2017 12:00:00 AM,6,Y,Y,53.58946,-113.38031,"(53.58946364338944, -113.38031269979747)"
2340,Hollick-Kenyon,Bees,ISSUED,Issued,05/17/2016 06:46:00 PM,05/31/2016 01:06:13 PM,05/31/2016 12:00:00 AM,,Y,Y,53.62224,-113.42232,"(53.62224497002261, -113.42231558564797)"
5642,South Terwillegar,Hens,CANCEL,Cancelled,04/28/2016 08:31:22 AM,06/29/2016 05:29:35 PM,06/29/2016 12:00:00 AM,5,Y,N,53.44023,-113.57902,"(53.440231798863046, -113.57902105126114)"
1210,Riverdale,Bees,ISSUED,Issued,03/24/2017 05:28:42 PM,05/31/2017 01:32:58 PM,05/31/2017 12:00:00 AM,,Y,Y,53.54407,-113.46899,"(53.54407041090096, -113.46899402862239)"
6390,Larkspur,Bees,ISSUED,Issued,04/25/2016 11:00:12 AM,04/25/2016 06:16:53 PM,04/25/2016 12:00:00 AM,,Y,Y,53.48015,-113.38124,"(53.48015149606623, -113.38123847033486)"
6061,Capilano,Bees,ISSUED,Issued,05/21/2017 06:37:14 PM,06/28/2017 05:09:23 PM,06/28/2017 12:00:00 AM,,Y,Y,53.55465,-113.42278,"(53.554645683010186, -113.42277556278047)"
5230,Henderson Estates,Bees,ISSUED,Issued,07/19/2015 02:39:16 PM,07/20/2015 12:08:52 PM,07/20/2015 12:00:00 AM,,Y,Y,53.46760,-113.59739,"(53.467604501007095, -113.59739074283685)"
2560,Newton,Hens,INQUEU,In Queue,04/28/2016 09:49:05 AM,,,6,Y,N,53.57629,-113.42513,"(53.576288318720806, -113.42512820186064)"
6360,King Edward Park,Bees,ISSUED,Issued,04/25/2017 09:09:27 AM,05/31/2017 03:52:39 PM,05/31/2017 12:00:00 AM,,Y,Y,53.51516,-113.45063,"(53.51516193312055, -113.45062583260703)"
6290,Hazeldean,Bees,ISSUED,Issued,11/02/2015 07:41:38 PM,11/23/2015 01:14:39 PM,11/23/2015 12:00:00 AM,,Y,Y,53.50419,-113.47789,"(53.50418528831584, -113.4778890044809)"
2040,Beacon Heights,Hens,ISSUED,Issued,09/28/2016 08:06:17 PM,10/17/2016 02:45:26 PM,10/17/2016 12:00:00 AM,7,Y,N,53.57353,-113.40604,"(53.57353309911853, -113.40604017904667)"
5570,Windermere,Bees,ISSUED,Issued,06/11/2017 04:35:18 PM,06/15/2017 12:26:01 PM,06/15/2017 12:00:00 AM,,Y,Y,53.43259,-113.62604,"(53.432585054620894, -113.62604014979185)"
1230,Spruce Avenue,Bees,ISSUED,Issued,06/01/2015 10:37:09 PM,06/02/2015 02:35:29 PM,06/02/2015 12:00:00 AM,,Y,Y,53.56463,-113.50198,"(53.564628558724735, -113.50197643546596)"
1090,Downtown,Bees,ISSUED,Issued,05/28/2015 04:13:58 PM,06/09/2015 08:20:36 AM,06/09/2015 12:00:00 AM,,Y,Y,53.54088,-113.49924,"(53.54087526522481, -113.49924372443897)"
5330,Queen Alexandra,Bees,ISSUED,Issued,05/29/2015 03:13:56 PM,06/01/2015 10:51:40 AM,06/01/2015 12:00:00 AM,,Y,Y,53.51233,-113.50485,"(53.512332235513746, -113.50484705945289)"
5340,Ramsay Heights,Bees,CANCEL,Cancelled,06/16/2016 03:27:08 PM,03/22/2017 03:38:56 PM,,,Y,Y,53.48336,-113.58022,"(53.48336181504562, -113.5802152080962)"
6040,Bonnie Doon,Bees,ISSUED,Issued,03/23/2016 01:52:58 PM,04/25/2016 05:10:33 PM,04/25/2016 12:00:00 AM,,Y,Y,53.52377,-113.46729,"(53.523768960098934, -113.46729006225169)"
6230,Forest Heights,Bees,ISSUED,Issued,09/04/2015 12:22:16 PM,09/08/2015 02:48:32 PM,09/08/2015 12:00:00 AM,,Y,Y,53.54454,-113.45127,"(53.54454288129852, -113.45126745011648)"
5080,Brander Gardens,Bees,ISSUED,Issued,05/29/2017 11:23:12 PM,05/31/2017 05:18:32 PM,05/31/2017 12:00:00 AM,,Y,Y,53.49367,-113.57813,"(53.4936711704896, -113.5781274505455)"
5250,Keheewin,Hens,ISSUED,Issued,09/12/2016 06:22:24 AM,10/25/2016 01:36:13 PM,,4,Y,N,53.45027,-113.50451,"(53.450270481502606, -113.5045134621976)"
4720,Glastonbury,Bees,ISSUED,Issued,03/08/2016 07:08:33 PM,04/25/2016 04:47:45 PM,04/25/2016 12:00:00 AM,,Y,Y,53.50320,-113.66989,"(53.50319644152369, -113.66989495602267)"
3270,Laurier Heights,Bees,CANCEL,Cancelled,11/18/2016 07:24:16 PM,11/29/2016 01:24:39 PM,,,Y,Y,53.51425,-113.56933,"(53.51424671570046, -113.56933226321841)"
6230,Forest Heights,Bees,ISSUED,Issued,04/13/2016 03:48:44 PM,04/25/2016 05:34:46 PM,04/25/2016 12:00:00 AM,,Y,Y,53.54454,-113.45127,"(53.54454288129852, -113.45126745011648)"
6230,Forest Heights,Bees,ISSUED,Issued,04/13/2016 03:48:44 PM,04/25/2016 05:34:46 PM,04/25/2016 12:00:00 AM,,Y,Y,53.54454,-113.45127,"(53.54454288129852, -113.45126745011648)"
5040,Belgravia,Bees,ISSUED,Issued,03/06/2017 07:42:07 AM,03/22/2017 11:00:36 AM,03/22/2017 12:00:00 AM,,Y,Y,53.51223,-113.53276,"(53.51223371649437, -113.53276435676035)"
1180,Queen Mary Park,Bees,ISSUED,Issued,05/23/2016 09:22:21 AM,05/31/2016 01:02:57 PM,05/31/2016 12:00:00 AM,,Y,Y,53.55333,-113.51965,"(53.55332765166594, -113.51965427365344)"
5462,Chappelle Area,Bees,ISSUED,Issued,05/04/2016 02:57:35 PM,05/17/2016 04:44:03 PM,05/17/2016 12:00:00 AM,,Y,Y,53.40292,-113.58692,"(53.40292425520648, -113.5869178917687)"
6150,Daly Grove,Bees,ISSUED,Issued,05/29/2017 10:21:15 PM,06/01/2017 09:20:20 AM,06/01/2017 12:00:00 AM,,Y,Y,53.44955,-113.40160,"(53.44954876233334, -113.40159781028866)"
5642,South Terwillegar,Hens,ISSUED,Issued,09/12/2016 02:02:26 PM,09/16/2016 12:04:58 PM,09/16/2016 12:00:00 AM,6,Y,N,53.44023,-113.57902,"(53.440231798863046, -113.57902105126114)"
3440,Westmount,Bees,ISSUED,Issued,08/25/2015 12:15:54 PM,07/07/2016 04:31:39 PM,07/07/2016 12:00:00 AM,,Y,Y,53.55167,-113.54112,"(53.551671762229795, -113.54112241012324)"
2720,York,Bees,CANCEL,Cancelled,04/13/2017 10:10:08 PM,04/19/2017 02:02:58 PM,,,Y,Y,53.60290,-113.43021,"(53.602895378014146, -113.43020574343895)"
6370,Kiniski Gardens,Bees,ISSUED,Issued,06/23/2016 01:50:30 PM,06/28/2016 07:33:54 AM,06/28/2016 12:00:00 AM,,Y,Y,53.47481,-113.40352,"(53.47480588482717, -113.40351643758787)"
4360,Oleskiw,Hens,INQUEU,In Queue,04/28/2016 04:35:44 PM,,,4,Y,N,53.49621,-113.60447,"(53.49621227854868, -113.60447202500848)"
6290,Hazeldean,Bees,ISSUED,Issued,07/24/2016 12:14:39 PM,07/25/2016 08:51:07 AM,07/25/2016 12:00:00 AM,,Y,Y,53.50419,-113.47789,"(53.50418528831584, -113.4778890044809)"
1010,Alberta Avenue,Bees,ISSUED,Issued,11/07/2016 08:42:57 PM,11/22/2017 02:51:06 PM,,8,Y,Y,53.56848,-113.48517,"(53.568479070121306, -113.48516811504452)"
2280,Fraser,Hens,ISSUED,Issued,04/28/2016 08:33:59 AM,08/18/2016 10:23:00 AM,08/18/2016 12:00:00 AM,3,Y,N,53.61121,-113.36978,"(53.61120506312749, -113.36978447542182)"
2230,Delwood,Bees,ISSUED,Issued,10/19/2017 03:38:38 PM,12/04/2017 12:49:18 PM,12/04/2017 12:00:00 AM,,Y,Y,53.59594,-113.45513,"(53.59593671822719, -113.45513078354243)"
2100,Beverly Heights,Bees,ISSUED,Issued,10/11/2017 10:49:54 AM,12/04/2017 01:27:20 PM,12/04/2017 12:00:00 AM,,Y,Y,53.56651,-113.40607,"(53.566514917420214, -113.4060678802253)"
2070,Belmont,Hens,ISSUED,Issued,04/28/2016 08:24:06 AM,08/18/2016 10:37:57 AM,12/18/2017 12:00:00 AM,7,Y,N,53.59397,-113.39374,"(53.59397157739329, -113.39373635814033)"
6320,Idylwylde,Bees,ISSUED,Issued,11/26/2017 12:46:47 PM,12/04/2017 01:18:30 PM,12/04/2017 12:00:00 AM,,Y,Y,53.52161,-113.44911,"(53.521613207275095, -113.44911376690581)"
1130,Elmwood Park,Bees,ISSUED,Issued,12/04/2017 09:39:56 PM,12/05/2017 12:17:25 PM,12/05/2017 12:00:00 AM,,Y,Y,53.57959,-113.46094,"(53.579588701087985, -113.46094200098248)"
4474,Starling,Bees,ISSUED,Issued,12/02/2017 03:05:56 PM,12/04/2017 01:01:48 PM,12/04/2017 12:00:00 AM,,Y,Y,53.59224,-113.65782,"(53.59224321038255, -113.65782409630505)"
6300,Hillview,Bees,ISSUED,Issued,10/25/2017 12:01:55 PM,12/04/2017 12:29:33 PM,12/04/2017 12:00:00 AM,,Y,Y,53.46974,-113.42709,"(53.46973758816532, -113.4270935738733)"
5310,Parkallen,Hens,ISSUED,Issued,04/28/2016 08:22:32 AM,07/10/2017 02:44:20 PM,07/10/2017 12:00:00 AM,4,Y,N,53.50333,-113.51824,"(53.503333894692844, -113.51824294080778)"
3270,Laurier Heights,Bees,CANCEL,Cancelled,11/18/2016 07:24:21 PM,11/29/2016 01:15:25 PM,11/29/2016 12:00:00 AM,,Y,Y,53.51425,-113.56933,"(53.51424671570046, -113.56933226321841)"
4360,Oleskiw,Hens,INQUEU,In Queue,01/02/2018 02:04:51 PM,,,6,Y,N,53.49621,-113.60447,"(53.49621227854868, -113.60447202500848)"
1010,Alberta Avenue,Hens,DEV,In Development Review,04/29/2016 08:59:19 PM,,,4,Y,N,53.56848,-113.48517,"(53.568479070121306, -113.48516811504452)"
5462,Chappelle Area,Hens,CANCEL,Cancelled,05/03/2016 03:34:18 PM,01/11/2018 08:59:18 AM,,4,Y,N,53.40292,-113.58692,"(53.40292425520648, -113.5869178917687)"
3470,Carlton,Hens,CANCEL,Cancelled,04/28/2016 08:32:16 AM,07/05/2016 01:43:46 PM,07/05/2016 12:00:00 AM,3,Y,N,53.62165,-113.55936,"(53.62165146983822, -113.5593587287807)"
3270,Laurier Heights,Hens,ISSUED,Issued,04/28/2016 08:31:27 AM,01/17/2017 10:49:35 AM,01/17/2017 12:00:00 AM,7,Y,N,53.51425,-113.56933,"(53.51424671570046, -113.56933226321841)"
1250,Westwood,Hens,ISSUED,Issued,04/28/2016 08:45:46 AM,01/17/2017 11:22:26 AM,01/17/2017 12:00:00 AM,4,Y,N,53.57593,-113.49857,"(53.57592737297089, -113.49856633573052)"
3430,Wellington,Hens,ISSUED,Issued,04/28/2016 08:21:55 AM,10/18/2016 03:51:29 PM,10/18/2016 12:00:00 AM,6,Y,N,53.59581,-113.55270,"(53.59580848232346, -113.55269525431994)"
3200,Glenora,Hens,DEV,In Development Review,06/02/2017 04:57:07 PM,,,4,Y,N,53.54492,-113.55704,"(53.544922810381465, -113.557042450622)"
6770,Weinlos,Hens,ISSUED,Issued,04/28/2016 08:55:26 AM,08/08/2016 02:57:30 PM,08/08/2016 12:00:00 AM,5,Y,N,53.45997,-113.41361,"(53.45997443527031, -113.41360932167072)"
1170,Prince Rupert,Hens,ISSUED,Issued,04/28/2016 08:22:21 AM,11/04/2016 01:25:33 PM,11/04/2016 12:00:00 AM,3,Y,N,53.56458,-113.52406,"(53.56457537295389, -113.52406226603853)"
6240,Fulton Place,Bees,ISSUED,Issued,02/17/2018 08:38:39 AM,03/22/2018 01:15:20 PM,03/22/2018 12:00:00 AM,,Y,Y,53.54632,-113.42750,"(53.54631536218046, -113.42749643795536)"
6290,Hazeldean,Bees,ISSUED,Issued,02/14/2018 12:27:27 PM,03/22/2018 01:30:20 PM,03/22/2018 12:00:00 AM,,Y,Y,53.50419,-113.47789,"(53.50418528831584, -113.4778890044809)"
2720,York,Bees,CANCEL,Cancelled,03/18/2018 08:11:08 PM,03/30/2018 05:07:42 PM,,,Y,Y,53.60290,-113.43021,"(53.602895378014146, -113.43020574343895)"
3310,North Glenora,Bees,ISSUED,Issued,03/19/2018 12:30:24 PM,03/30/2018 02:19:29 PM,03/30/2018 12:00:00 AM,,Y,Y,53.55495,-113.55826,"(53.554947960393555, -113.55826488479815)"
3430,Wellington,Bees,ISSUED,Issued,02/02/2018 05:38:59 PM,03/30/2018 10:04:35 AM,03/30/2018 12:00:00 AM,,Y,Y,53.59581,-113.55270,"(53.59580848232346, -113.55269525431994)"
6040,Bonnie Doon,Bees,ISSUED,Issued,03/23/2018 10:27:35 AM,03/30/2018 02:39:55 PM,03/30/2018 12:00:00 AM,,Y,Y,53.52377,-113.46729,"(53.523768960098934, -113.46729006225169)"
6040,Bonnie Doon,Hens,ISSUED,Issued,04/28/2016 08:25:40 AM,03/30/2018 03:04:29 PM,03/30/2018 12:00:00 AM,6,Y,N,53.52377,-113.46729,"(53.523768960098934, -113.46729006225169)"
5452,MacEwan,Hens,CANCEL,Cancelled,04/28/2016 08:35:11 AM,07/06/2016 10:07:38 AM,07/06/2016 12:00:00 AM,4,Y,N,53.42875,-113.52694,"(53.42875133706978, -113.52694133789407)"
3180,Dunluce,Hens,INQUEU,In Queue,01/28/2018 01:59:57 PM,,,6,Y,N,53.62150,-113.53018,"(53.62149619456969, -113.53018463752318)"
3240,Inglewood,Bees,ISSUED,Issued,03/25/2018 06:31:57 PM,04/02/2018 01:18:20 PM,04/02/2018 12:00:00 AM,,Y,Y,53.56461,-113.54083,"(53.56461022950754, -113.54083440615169)"
6310,Holyrood,Bees,ISSUED,Issued,03/27/2018 04:46:53 PM,04/02/2018 01:51:03 PM,04/02/2018 12:00:00 AM,,Y,Y,53.53136,-113.45018,"(53.531364142804755, -113.45017788123803)"
5340,Ramsay Heights,Hens,INQUEU,In Queue,03/22/2018 08:26:32 PM,,,4,Y,N,53.48336,-113.58022,"(53.48336181504562, -113.5802152080962)"
4090,Canora,Hens,INQUEU,In Queue,11/27/2017 05:27:18 PM,,,6,Y,N,53.54617,-113.58421,"(53.54616667060196, -113.58420793540543)"
3310,North Glenora,Hens,INQUEU,In Queue,11/12/2017 11:19:02 AM,,,6,Y,N,53.55495,-113.55826,"(53.554947960393555, -113.55826488479815)"
5476,Magrath Heights,Hens,INQUEU,In Queue,04/06/2018 10:11:34 AM,,,6,Y,N,53.44855,-113.55635,"(53.44854769511463, -113.5563513315998)"
4320,Mistatim Industrial,Hens,CANCEL,Cancelled,04/06/2018 08:43:34 AM,04/06/2018 09:53:17 AM,,6,Y,N,53.59837,-113.59949,"(53.598370829244516, -113.59948582283224)"
5462,Chappelle Area,Bees,ISSUED,Issued,04/04/2018 05:26:47 PM,04/16/2018 08:56:59 AM,04/16/2018 12:00:00 AM,,Y,Y,53.40292,-113.58692,"(53.40292425520648, -113.5869178917687)"
3080,Canossa,Bees,ISSUED,Issued,04/03/2018 09:02:25 PM,04/16/2018 10:54:01 AM,04/16/2018 12:00:00 AM,,Y,Y,53.63619,-113.52269,"(53.636193038119806, -113.52269260038311)"
5430,Royal Gardens,Bees,ISSUED,Issued,04/07/2018 06:08:43 PM,04/16/2018 09:17:10 AM,04/16/2018 12:00:00 AM,,Y,Y,53.47945,-113.52810,"(53.47945373050392, -113.52810321138851)"
6200,Ekota,Hens,ISSUED,Issued,04/28/2016 08:25:22 AM,09/30/2016 08:20:36 AM,09/30/2016 12:00:00 AM,2,Y,N,53.44941,-113.44233,"(53.449408842387676, -113.44232540415385)"
5300,Ogilvie Ridge,Bees,ISSUED,Issued,04/10/2018 09:15:53 AM,04/23/2018 04:10:47 PM,04/23/2018 12:00:00 AM,,Y,Y,53.46490,-113.56706,"(53.46489883653457, -113.56706386530816)"
5360,Rideau Park,Bees,ISSUED,Issued,04/11/2018 07:20:07 AM,04/23/2018 04:26:01 PM,04/23/2018 12:00:00 AM,,Y,Y,53.47901,-113.50593,"(53.47900976654981, -113.50593323536516)"
4475,Kinokamau Plains Area,Bees,ISSUED,Issued,04/17/2018 11:01:49 AM,04/24/2018 11:55:21 AM,04/24/2018 12:00:00 AM,,N,Y,53.58444,-113.62148,"(53.58444171323494, -113.62148398990702)"
2410,Kilkenny,Bees,ISSUED,Issued,04/23/2018 05:43:57 PM,05/01/2018 05:09:39 PM,05/01/2018 12:00:00 AM,,Y,Y,53.61041,-113.45512,"(53.6104067025493, -113.4551189930085)"
5350,Rhatigan Ridge,Hens,CANCEL,Cancelled,06/20/2017 01:22:17 PM,05/02/2018 07:33:28 AM,,3,Y,N,53.47451,-113.58763,"(53.47451461721056, -113.58762510129115)"
6240,Fulton Place,Bees,ISSUED,Issued,05/02/2018 04:15:10 PM,05/09/2018 08:53:23 AM,05/09/2018 12:00:00 AM,,Y,Y,53.54632,-113.42750,"(53.54631536218046, -113.42749643795536)"
5470,Steinhauer,Hens,ISSUED,Issued,04/28/2016 08:59:49 AM,05/03/2018 08:08:31 AM,05/03/2018 12:00:00 AM,5,Y,N,53.46454,-113.50593,"(53.46454112371608, -113.5059296639569)"
6290,Hazeldean,Bees,CANCEL,Cancelled,12/06/2017 10:43:17 PM,05/10/2018 03:32:30 PM,,,Y,Y,53.50419,-113.47789,"(53.50418528831584, -113.4778890044809)"
6480,Michaels Park,Hens,INQUEU,In Queue,05/10/2018 02:09:06 PM,,,3,Y,N,53.47957,-113.44621,"(53.47957429902111, -113.44621282089474)"
2521,McConachie Area,Hens,INQUEU,In Queue,05/06/2018 10:03:51 AM,,,6,Y,N,53.63643,-113.43131,"(53.63642688874848, -113.4313071025132)"
3111,Griesbach,Hens,CANCEL,Cancelled,01/21/2017 01:37:35 PM,02/20/2017 03:58:44 PM,02/20/2017 12:00:00 AM,4,Y,N,53.60677,-113.50423,"(53.60676746701015, -113.50422993669426)"
2500,Matt Berry,Hens,ISSUED,Issued,04/28/2016 10:22:12 AM,05/22/2018 10:36:53 AM,05/22/2018 12:00:00 AM,4,Y,N,53.62225,-113.43608,"(53.62225412946233, -113.43607503617342)"
3111,Griesbach,Hens,INQUEU,In Queue,05/06/2018 08:52:51 PM,,,3,Y,N,53.60677,-113.50423,"(53.60676746701015, -113.50422993669426)"
5260,Lansdowne,Hens,INQUEU,In Queue,05/16/2018 09:15:32 AM,,,5,Y,N,53.48731,-113.54850,"(53.48730696241941, -113.54849544072674)"
4230,Jasper Park,Bees,ISSUED,Issued,05/16/2018 03:02:44 PM,05/22/2018 11:40:54 AM,05/22/2018 12:00:00 AM,,Y,Y,53.52308,-113.58411,"(53.523077588379046, -113.58410533783312)"
2100,Beverly Heights,Hens,UNREV,Under Review,05/08/2017 09:36:42 PM,,,6,Y,N,53.56651,-113.40607,"(53.566514917420214, -113.4060678802253)"
3440,Westmount,Bees,ISSUED,Issued,05/10/2018 02:26:21 PM,05/22/2018 11:13:37 AM,05/30/2018 12:00:00 AM,,Y,Y,53.55167,-113.54112,"(53.551671762229795, -113.54112241012324)"
6790,Wild Rose,Hens,INQUEU,In Queue,05/23/2018 02:29:57 PM,,,3,Y,N,53.47058,-113.38117,"(53.47058430162453, -113.381166576475)"
2050,Belle Rive,Hens,CANCEL,Cancelled,04/28/2016 08:29:04 AM,06/29/2016 05:25:00 PM,06/29/2016 12:00:00 AM,4,Y,Y,53.62230,-113.47356,"(53.62229893381064, -113.47355749819135)"
3410,Sherbrooke,Hens,DEV,In Development Review,11/22/2017 01:29:31 PM,,,6,Y,N,53.57565,-113.54916,"(53.575648961580164, -113.54916187635666)"
3140,Crestwood,Bees,DEV,In Development Review,10/18/2017 05:29:07 PM,,,6,Y,N,53.53542,-113.56905,"(53.53541854779786, -113.56904819542947)"
5330,Queen Alexandra,Bees,CANCEL,Cancelled,05/29/2015 04:29:49 PM,07/14/2015 07:46:47 AM,07/14/2015 12:00:00 AM,,Y,Y,53.51233,-113.50485,"(53.512332235513746, -113.50484705945289)"
5640,Terwillegar Towne,Hens,ISSUED,Issued,01/13/2017 02:23:58 PM,03/08/2018 08:15:54 AM,06/14/2018 12:00:00 AM,3,Y,N,53.45063,-113.57774,"(53.4506293105283, -113.5777377735933)"
3270,Laurier Heights,Bees,NEW,New,06/15/2018 10:15:28 AM,,,,Y,Y,53.51425,-113.56933,"(53.51424671570046, -113.56933226321841)"
3210,Grovenor,Hens,DEV,In Development Review,09/05/2017 10:06:28 PM,,,4,Y,N,53.54592,-113.57186,"(53.545921791152516, -113.57186010358184)"
6040,Bonnie Doon,Bees,ISSUED,Issued,05/15/2018 06:56:12 PM,06/21/2018 11:43:38 AM,06/21/2018 12:00:00 AM,,Y,Y,53.52377,-113.46729,"(53.523768960098934, -113.46729006225169)"
2410,Kilkenny,Bees,ISSUED,Issued,06/14/2018 07:36:27 AM,06/26/2018 11:16:49 AM,06/26/2018 12:00:00 AM,,Y,Y,53.61041,-113.45512,"(53.6104067025493, -113.4551189930085)"
6460,Meyokumin,Bees,ISSUED,Issued,06/22/2018 02:05:02 PM,06/28/2018 03:59:04 PM,06/28/2018 12:00:00 AM,,Y,Y,53.45013,-113.42725,"(53.450132609753844, -113.42725240057334)"
6040,Bonnie Doon,Bees,ISSUED,Issued,07/03/2018 04:38:25 PM,07/05/2018 07:41:04 AM,07/05/2018 12:00:00 AM,,Y,Y,53.52377,-113.46729,"(53.523768960098934, -113.46729006225169)"
6360,King Edward Park,Bees,NEW,New,07/06/2018 04:42:48 PM,,,,Y,Y,53.51516,-113.45063,"(53.51516193312055, -113.45062583260703)"
6216,The Orchards At Ellerslie,Bees,ISSUED,Issued,05/29/2015 08:40:38 AM,06/01/2015 11:04:53 AM,06/01/2015 12:00:00 AM,,Y,Y,53.40309,-113.45817,"(53.403088297267004, -113.45816656931493)"
6216,The Orchards At Ellerslie,Bees,ISSUED,Issued,03/26/2018 09:21:38 PM,04/06/2018 10:19:36 AM,04/06/2018 12:00:00 AM,,Y,Y,53.40309,-113.45817,"(53.403088297267004, -113.45816656931493)"
